"","x"
"1","practice"
"2","inquiry"
"3","think"
"4","pedagogy"
"5","digital"
"6","age"
"7","opportunity"
"8","reconsider"
"9","basic"
"10","model"
"11","teacher"
"12","learn"
"13","one"
"14","start"
"15","point"
"16","interest"
"17","learner"
"18","category_classify"
"19","dewey"
"20","conversation"
"21","communicate"
"22","find"
"23","thing"
"24","make"
"25","construct"
"26","art"
"27","express"
"28","call"
"29","natural"
"30","resource"
"31","uninvested"
"32","capital"
"33","upon"
"34","depend"
"35","active"
"36","grow"
"37","child"
"38","dewey1956pp4748"
"39","state"
"40","similar"
"41","idea"
"42","process"
"43","form"
"44","stage"
"45","reflective"
"46","action"
"47","definition"
"48","latter"
"49","use"
"50","situation"
"51","provide"
"52","descriptive"
"53","account"
"54","survival"
"55","world"
"56","control"
"57","instruct_guide"
"58","transformation"
"59","indetermine"
"60","determine"
"61","constitute"
"62","distinction"
"63","relation"
"64","convert"
"65","element"
"66","original"
"67","unified"
"68","whole"
"69","inspire"
"70","source"
"71","fundamental"
"72","begin"
"73","spiral"
"74","path"
"75","envisioned"
"76","ask"
"77","question"
"78","investigate"
"79","solution"
"80","create"
"81","discuss"
"82","discover"
"83","experience"
"84","reflect"
"85","new"
"86","knowledge"
"87","follow"
"88","brucebishop2002"
"89","phase"
"90","leadership"
"91","next"
"92","authentic"
"93","teachable"
"94","moment"
"95","explore"
"96","turn"
"97","brucedavidson1996"
"98","solve"
"99","problem"
"100","reformulating"
"101","posing"
"102","close"
"103","tied"
"104","dialogue"
"105","others"
"106","cycle"
"107","present"
"108","aspect"
"109","need"
"110","support"
"111","success"
"112","environment"
"113","serve"
"114","boundary"
"115","object"
"116","stargriesmer1989"
"117","allow"
"118","us"
"119","relate"
"120","theory"
"121","ordinary"
"122","look"
"123","across"
"124","modes"
"125","context"
"126","inform"
"127","guide"
"128","education"
"129","important"
"130","note"
"131","merely"
"132","suggestive"
"133","neither"
"134","sole"
"135","complete"
"136","rigid"
"137","characterization"
"138","actual"
"139","rarely"
"140","proceeds"
"141","simple"
"142","linear"
"143","fashion"
"144","five"
"145","dimension"
"146","overlap"
"147","every"
"148","give"
"149","embed"
"150","fact"
"151","nature"
"152","mutual"
"153","reinforce"
"154","interrelated"
"155","despite"
"156","complexity"
"157","highlights"
"158","otherwise"
"159","opaque"
"160","reminds"
"161","develop"
"162","arise"
"163","meaning"
"164","genuine"
"165","reallife"
"166","challenge"
"167","refer"
"168","part"
"169","include"
"170","individual"
"171","participate"
"172","community"
"173","something"
"174","delivered"
"175","outside"
"176","example"
"177","come"
"178","early"
"179","study"
"180","computer"
"181","researcher"
"182","found"
"183","student"
"184","become"
"185","engage"
"186","bug"
"187","software"
"188","behavior"
"189","deep"
"190","programming"
"191","enormous"
"192","different"
"193","answer"
"194","someone"
"195","elses"
"196","formulate"
"197","oldsschwartzwillie1980p40"
"198","caution"
"199","always"
"200","well"
"201","articulate"
"202","elspethhuxley1959"
"203","best"
"204","way"
"205","fire"
"206","like"
"207","firing"
"208","gun"
"209","bang"
"210","goes"
"211","everything"
"212","take"
"213","flight"
"214","runs"
"215","shelter"
"216","sit"
"217","quite"
"218","still"
"219","play"
"220","little"
"221","will"
"222","peck"
"223","round"
"224","feet"
"225","venture"
"226","forth"
"227","thickets"
"228","intent"
"229","creep"
"230","sun"
"231","stone"
"232","patient"
"233","see"
"234","understand"
"235","great"
"236","deal"
"237","man"
"238","p272"
"239","variety"
"240","possible"
"241","many"
"242","suggests"
"243","require"
"244","diverse"
"245","material"
"246","interaction"
"247","moral"
"248","physical"
"249","emotional"
"250","aesthetic"
"251","practical"
"252","inherent"
"253","enhance"
"254","addons"
"255","gather"
"256","information"
"257","craft"
"258","experiment"
"259","observe"
"260","interview"
"261","recast"
"262","refine"
"263","line"
"264","query"
"265","plunge"
"266","anticipate"
"267","selfmotivated"
"268","owned"
"269","picks"
"270","term"
"271","means"
"272","handson"
"273","imply"
"274","creation"
"275","collaborative"
"276","role"
"277","coalesce"
"278","connect"
"279","ability"
"280","synthesize"
"281","creative"
"282","spark"
"283","now"
"284","undertakes"
"285","task"
"286","shape"
"287","significant"
"288","thought"
"289","extend"
"290","hisher"
"291","previous"
"292","implicit"
"293","personal"
"294","social"
"295","arrangements"
"296","involve"
"297","listen"
"298","enterprise"
"299","share"
"300","built"
"301","relevance"
"302","society"
"303","compare"
"304","conclusion"
"305","multiple"
"306","media"
"307","online"
"308","networks"
"309","tell"
"310","recognise"
"311","say"
"312","whether"
"313","transform"
"314","later"
"315","work"
"316","sch¨on1987"
"317","thereby"
"318","able"
"319","move"
"320","concept"
"321","indeterminacies"
"322","continue"
"323","time"
"324","back"
"325","initial"
"326","research"
"327","made"
"328","inventory"
"329","observation"
"330","decision"
"331","light"
"332","might"
"333","circle"
"334","structure"
"335","whereby"
"336","pupils"
"337","design"
"338","class"
"339","activity"
"340","conditions"
"341","left"
"342","unsupported"
"343","draw"
"344","manage"
"345","impuls"
"346","toward"
"347","project"
"348","goal"
"349","often"
"350","classroom"
"351","sometimes"
"352","seek"
"353","arouse"
"354","times"
"355","specify"
"356","within"
"357","group"
"358","encourage"
"359","function"
"360","scaffold"
"361","primary"
"362","ahead"
"363","signature"
"364","sharply"
"365","define"
"366","instead"
"367","set"
"368","open"
"369","end"
"370","authors"
"371","argue"
"372","general"
"373","product"
"374","literacy"
"375","unlike"
"376","empirical"
"377","result"
"378","alone"
"379","theoretical"
"380","analyse"
"381","removed"
"382","sense"
"383","know"
"384","attend"
"385","wide"
"386","range"
"387","show"
"388","value"
"389","center"
"390","orient"
"391","powerful"
"392","live_habitat"
"393","report"
"394","detail"
"395","employ"
"396","soundness"
"397","viability"
"398","enriched"
"399","enable"
"400","offering"
"401","entry"
"402","picture"
"403","facilitate"
"404","sustain"
"405","expand"
"406","review"
"407","outputs"
"408","story"
"409","web"
"410","site"
"411","school"
"412","university"
"413","partner"
"414","sought"
"415","science"
"416","formal"
"417","introduce"
"418","infer"
"419","evidence"
"420","qualitative"
"421","quantitative"
"422","data"
"423","confirm"
"424","derived"
"425","logical"
"426","interpret"
"427","based"
"428","young"
"429","attain"
"430","specific"
"431","strategy"
"432","attainment"
"433","akersonvolrich2006"
"434","khishfeabdelkhalick2002"
"435","metz2004"
"436","throughout"
"437","documents"
"438","scientist"
"439","done"
"440","repeat"
"441","increase"
"442","level"
"443","proficient"
"444","bybee2011"
"445","michaelsetal2008"
"446","crosscutting"
"447","disciplinary"
"448","engineering"
"449","worldview"
"450","nrc2012p42"
"451","good"
"452","frame"
"453","anderson2002"
"454","framework"
"455","instruction"
"456","und"
"457","evaluate"
"458","furtaketal2012"
"459","suggest"
"460","two"
"461","cognitive"
"462","regard"
"463","minneretal2009"
"464","p20"
"465","consistent"
"466","duschl2008"
"467","identify"
"468","epistemic"
"469","domain"
"470","principle"
"471","consist"
"472","generate"
"473","comprise"
"474","realize"
"475","curriculum"
"476","instance"
"477","ibse"
"478","commonly"
"479","according"
"480","degree"
"481","free"
"482","operate"
"483","belletal2005"
"484","accompanied"
"485","debate"
"486","effect"
"487","minimally"
"488","versus"
"489","hmelosilveretal2007"
"490","kirschneretal2006"
"491","typical"
"492","ie"
"493","however"
"494","peers"
"495","high"
"496","particular"
"497","fostering"
"498","subject"
"499","matter"
"500","complex"
"501","limit"
"502","hardyetal2006"
"503","large"
"504","body"
"505","far"
"506","propose"
"507","treagustduit2008"
"508","reach"
"509","consider"
"510","slow"
"511","gradual"
"512","rather"
"513","dramatic"
"514","gestalttype"
"515","shift"
"516","paradigms"
"517","caravitahallden1994"
"518","spontaneous"
"519","explanation"
"520","phenomenon"
"521","daily"
"522","life"
"523","carey2000"
"524","view"
"525","preinstructional"
"526","partially"
"527","entirely"
"528","inadequate"
"529","furthermore"
"530","place"
"531","demands"
"532","language"
"533","summarize"
"534","oral"
"535","write"
"536","leefradd1998"
"537","sufficient"
"538","explain"
"539","akersonetal2000"
"540","osborneetal2004"
"541","van"
"542","boxteletal2000"
"543","skill"
"544","tractable"
"545","difficult"
"546","add"
"547","poor"
"548","hence"
"549","especially"
"550","beneficial"
"551","risk"
"552","achieve"
"553","lamainalapates"
"554","program"
"555","advocates"
"556","incites"
"557","around"
"558","acquire"
"559","content"
"560","reason"
"561","master"
"562","french"
"563","shares"
"564","broad"
"565","main"
"566","contribute"
"567","critical"
"568","thinking"
"569","lamainalapates2000"
"570","saltiel2006"
"571","sarmantetal2011"
"572","promote"
"573","expected"
"574","carry"
"575","raise"
"576","vital"
"577","influence"
"578","5e"
"579","bybeeetal2006"
"580","biological"
"581","get"
"582","sequence"
"583","atkinskarplus1962"
"584","formation"
"585","extension"
"586","3e"
"587","piagets"
"588","mental"
"589","marek2008"
"590","establish"
"591","constructivism"
"592","approach"
"593","assume"
"594","bring"
"595","test"
"596","exist"
"597","real"
"598","family"
"599","easy"
"600","assimilated"
"601","accommodation"
"602","fit"
"603","unfamiliar"
"604","colburn2003"
"605","researchbased"
"606","incorporate"
"607","notion"
"608","cooperation"
"609","coconstruct"
"610","essential"
"611","itemized"
"612","manner"
"613","guest"
"614","editorial"
"615","bybee2014"
"616","respond"
"617","recommend"
"618","enumerates"
"619","implications"
"620","usage"
"621","application"
"622","era"
"623","generation"
"624","standard"
"625","ngss2013"
"626","preferable"
"627","timeframe"
"628","longterm"
"629","period"
"630","unit"
"631","spanning"
"632","2–3"
"633","week"
"634","lose"
"635","bybee"
"636","omitting"
"637","nrc1999"
"638","rearranging"
"639","renner"
"640","abrahambernie1988"
"641","integrity"
"642","seem"
"643","inflexible"
"644","suitable"
"645","childhood"
"646","repetition"
"647","chance"
"648","flexibility"
"649","prerequisite"
"650","deem"
"651","necessary"
"652","grade"
"653","yoononchwari2006"
"654","kindergartener"
"655","fledgling"
"656","milleretal2013"
"657","last"
"658","century"
"659","investigative"
"660","competence"
"661","compatible"
"662","hatch2010"
"663","integrate"
"664","nsta2014"
"665","position"
"666","declares"
"667","educators"
"668","nurture"
"669","focus"
"670","ngssleadstates2013"
"671","academic"
"672","modify"
"673","version"
"674","method"
"675","course"
"676","midwest"
"677","united"
"678","20"
"679","4year"
"680","old"
"681","taught"
"682","preservice"
"683","enrolled"
"684","major"
"685","field"
"686","requirement"
"687","lesson"
"688","plan"
"689","adult"
"690","assign"
"691","voluntary"
"692","first"
"693","outdoor"
"694","acreage"
"695","frequent"
"696","climbing"
"697","logs"
"698","wood"
"699","grounded"
"700","dam"
"701","ditch"
"702","piece"
"703","chasing"
"704","frog"
"705","space"
"706","crevice"
"707","spiders"
"708","excited"
"709","independent"
"710","session"
"711","topic"
"712","plant"
"713","animal"
"714","characteristic"
"715","habitat"
"716","landscape"
"717","attribute"
"718","robust"
"719","namely"
"720","elaborate"
"721","describe_ption"
"722","purpose"
"723","text"
"724","perceive"
"725","culture–historical"
"726","viewpoint"
"727","section"
"728","trundleetal2010"
"729","contemporary"
"730","intuitive"
"731","gopnik2012"
"732","study_teacher"
"733","provocateur"
"734","wien2014"
"735","central"
"736","tenets"
"737","reformbased"
"738","bransfordetal2000"
"739","small"
"740","krajciketal2003"
"741","2014"
"742","national"
"743","associate"
"744","nsta"
"745","stressed"
"746","order"
"747","strengthen"
"748","council"
"749","nrc20072012"
"750","drive"
"751","conduct"
"752","appropriate"
"753","tool"
"754","equipment"
"755","nsta2004"
"756","crucial"
"757","component"
"758","read"
"759","faced"
"760","alternative"
"761","representation"
"762","visible"
"763","various"
"764","visual"
"765","collect"
"766","promising"
"767","help"
"768","predict"
"769","lehrer"
"770","schauble2006"
"771","overall"
"772","sparks"
"773","anchors"
"774","want"
"775","adaptable"
"776","represent"
"777","emerge"
"778","accurate"
"779","inaccurate"
"780","critiqued"
"781","key"
"782","lpp"
"783","system"
"784","1"
"785","augmented"
"786","vision"
"787","record"
"788","display"
"789","location"
"790","2"
"791","translate"
"792","motion"
"793","physics"
"794","engine"
"795","sensing"
"796","commercially"
"797","available"
"798","track_trace"
"799","pattern"
"800","technology"
"801","kato2006"
"802","inexpensive"
"803","virtual"
"804","12"
"805","x"
"806","carpet"
"807","front"
"808","instantly"
"809","imported"
"810","microworld"
"811","force"
"812","simulation"
"813","animation"
"814","combine"
"815","symbol"
"816","marked"
"817","embodied"
"818","net"
"819","game"
"820","6–8"
"821","year"
"822","interrogate"
"823","roseberyetal2005"
"824","danish2009"
"825","skits"
"826","enact"
"827","leverage"
"828","kind"
"829","colella2000"
"830","try"
"831","desired"
"832","affect"
"833","type"
"834","explicit"
"835","rules"
"836","underlie"
"837","multi"
"838","faceted"
"839","aim"
"840","choice"
"841","change"
"842","water"
"843","single"
"844","garritz2012"
"845","newmanetal2004"
"846","characterized"
"847","progression"
"848","already"
"849","interacademy"
"850","partnership"
"851","iap2010p19"
"852","among"
"853","perspective"
"854","requires"
"855","caamano2012"
"856","criadogarcíacarmona2011"
"857","harlen2014"
"858","score2013"
"859","hodson2014"
"860","exa"
"861","agree"
"862","ledermanetal2014"
"863","hypothesis"
"864","ii"
"865","iii"
"866","pose"
"867","iv"
"868","v"
"869","vi"
"870","must"
"871","vii"
"872","number"
"873","image"
"874","etc"
"875","viii"
"876","mentioned"
"877","even"
"878","tentative"
"879","three"
"880","distinguish"
"881","guisasolaetal2006"
"882","stating"
"883","yet"
"884","event"
"885","speculating"
"886","deductive"
"887","trueprocedural"
"888","measurement"
"889","procedure"
"890","indicate"
"891","obtain"
"892","beforehand"
"893","either"
"894","organization"
"895","fsls"
"896","ultimate"
"897","fsl"
"898","openfocused"
"899","engage–explore–reflect"
"900","eer"
"901","talk"
"902","tips"
"903","depicted"
"904","figure"
"905","illustrate"
"906","iterative"
"907","stepbystep"
"908","spiraling"
"909","dynamic"
"910","integrates"
"911","unstructured"
"912","jumpstarting"
"913","b"
"914","responsive"
"915","simplified"
"916","cycles"
"917","contextualizes"
"918","efforts"
"919","invite"
"920","explicated"
"921","upcoming"
"922","area"
"923","menmuiradams1997processes"
"924","inconjunction"
"925","mathematical"
"926","epstein2007"
"927","french2004"
"928","gerdeetal2013"
"929","menmuiradams1997"
"930","afford"
"931","fascination"
"932","rich"
"933","just"
"934","static"
"935","prescribed"
"936","big"
"937","gelmanbrenneman2012"
"938","wasserman2015"
"939","gelmanetal2010"
"940","greenfieldetal2009"
"941","inanetal2010"
"942","apply"
"943","gelmanbrenneman2004"
"944","linking"
"945","extant"
"946","bjorklund2011"
"947","paper"
"948","case"
"949","implement"
"950","forensic"
"951","fouryearold"
"952","participant"
"953","platform"
"954","prepare"
"955","hackling2007"
"956","manipulation"
"957","gain"
"958","heart"
"959","crawford2009"
"960","excitement"
"961","crawford2007"
"962","appears"
"963","hackling2005"
"964","hedges2000"
"965","acknowledge"
"966","agents"
"967","hedges2000p18"
"968","issue"
"969","select"
"970","samarapungavanetal2008"
"971","commented"
"972","universal"
"973","novices"
"974","p903"
"975","lacking"
"976","discipline"
"977","discourse"
"978","assisting"
"979","better"
"980","outcome"
"981","examine"
"982","kindergarten"
"983","monarch"
"984","butterfly"
"985","revise"
"986","portfolios"
"987","peterson"
"988","french2008"
"989","color"
"990","mixing"
"991","investigators"
"992","demonstrate"
"993","literate"
"994","curious"
"995","surround"
"996","concrete"
"997","harlenqualter2004"
"998","cepnietal2006"
"999","divided"
"1000","cause"
"1001","since"
"1002","birth"
"1003","estimation"
"1004","howejones1998"
"1005","check"
"1006","lind2000"
"1007","kefietal2013"
"1008","without"
"1009","sip"
"1010","basis"
"1011","correspond"
"1012","hacking19921995"
"1013","map"
"1014","laboratory"
"1015","subjecting"
"1016","systematic"
"1017","bottomup"
"1018","entity"
"1019","internal"
"1020","hackings"
"1021","psillos"
"1022","tselfes"
"1023","kariotoglou2004"
"1024","peters2006"
"1025","improve"
"1026","hogan2000"
"1027","hoganmaglienti2001"
"1028","deboo2000"
"1029","lind1999"
"1030","novak1977"
"1031","overwhelmingly"
"1032","nses"
"1033","american"
"1034","council1996"
"1035","bredekampcopple1997"
"1036","enactment"
"1037","techniques"
"1038","coordination"
"1039","rely"
"1040","tend"
"1041","mind"
"1042","speak"
"1043","emphasize"
"1044","eshachfried2005"
"1045","harlen1996"
"1046","lind"
"1047","nses1996"
"1048","advance"
"1049","whose"
"1050","fleer1993"
"1051","depth"
"1052","bredekampcople1997"
"1053","hacking1992"
"1054","psillosetal2004"
"1055","occur"
"1056","bridge"
"1057","current"
"1058","rogoff1990"
"1059","vygotsky1978"
"1060","ermeling2010"
"1061","inquisitiveness"
"1062","edwardsetal2011"
"1063","impact"
"1064","let"
"1065","seven"
"1066","four"
"1067","3"
"1068","4"
"1069","conjunction"
"1070","multiday"
"1071","lens"
"1072","beyond"
"1073","p21"
"1074","assert"
"1075","p2"
"1076","eickreed2002"
"1077","bianchinicolburn2000"
"1078","lambert2007"
"1079","judge"
"1080","p389"
"1081","nrc1996"
"1082","bodzinbeerer2003"
"1083","rubric"
"1084","stir"
"1085","rate"
"1086","six"
"1087","prospective"
"1088","windschitl2003"
"1089","cookbook"
"1090","verify"
"1091","unknown"
"1092","p114"
"1093","hand"
"1094","matching"
"1095","along"
"1096","trundlesackes2012"
"1097","appleton2008"
"1098","unproductive"
"1099","low"
"1100","selfregulation"
"1101","capacities"
"1102","persistent"
"1103","misconceptions"
"1104","traditional"
"1105","fail"
"1106","restructuring"
"1107","duittreagust2003"
"1108","holliday2006"
"1109","intended"
"1110","feature"
"1111","target"
"1112","threestep"
"1113","responsibility"
"1114","sensitive"
"1115","ensure"
"1116","float"
"1117","sink"
"1118","usually"
"1119","salient"
"1120","weight"
"1121","size"
"1122","properties"
"1123","samematerial"
"1124","verbal"
"1125","nonverbally"
"1126","invitation"
"1127","namygentner2002"
"1128","stimulate"
"1129","expectations"
"1130","justify"
"1131","bybee2006"
"1132","molleretal2012"
"1133","wisersmith2008"
"1134","plastic"
"1135","adjective"
"1136","shininess"
"1137","lightness"
"1138","p209"
"1139","grammatical"
"1140","opposed"
"1141","cup"
"1142","attention"
"1143","detect"
"1144","appear"
"1145","concern"
"1146","solid"
"1147","put"
"1148","problemsolving"
"1149","hmelosilver2006authentic"
"1150","pintrich"
"1151","marxboyle1993"
"1152","mayerwittrock2006"
"1153","linneylon2006"
"1154","contextual"
"1155","avoid"
"1156","unable"
"1157","fruitful"
"1158","leave"
"1159","organise"
"1160","schiefelepekrun1996"
"1161","indeed"
"1162","selfreliant"
"1163","hiemstra2000"
"1164","bscs"
"1165","motivation"
"1166","groupconcerning"
"1167","capability"
"1168","coneziofrench2002"
"1169","executive"
"1170","garon"
"1171","brysonsmith2008"
"1172","operation"
"1173","fading"
"1174","aids"
"1175","lepperetal1997"
"1176","kuhn2009"
"1177","mistakes"
"1178","kloosvanorden2005"
"1179","experiential"
"1180","oversimplified"
"1181","breunig2008"
"1182","roberts2011"
"1183","founders"
"1184","belief"
"1185","isolation"
"1186","local"
"1187","outofclassroom"
"1188","embraces"
"1189","transdisciplinary"
"1190","recreate"
"1191","commonplace"
"1192","reference"
"1193","trips"
"1194","internships"
"1195","studentcentred"
"1196","breunig2017"
"1197","gordon2009"
"1198","savery2006"
"1199","forward"
"1200","ontarioministryofeducation2013"
"1201","possessing"
"1202","capable"
"1203","fielding2012"
"1204","classroombased"
"1205","knowledgepossessing"
"1206","breunig2013"
"1207","greifetal2006"
"1208","hold"
"1209","novel"
"1210","inanimate"
"1211","artifact"
"1212","mobile"
"1213","arguably"
"1214","awareness"
"1215","living–nonliving"
"1216","member"
"1217","food"
"1218","backscheideretal1993"
"1219","inagakihatano2002"
"1220","keil1992"
"1221","opfergelman2001"
"1222","opfersiegler2004"
"1223","correct"
"1224","living"
"1225","nonliving"
"1226","immobile"
"1227","alive"
"1228","contrast"
"1229","encounter"
"1230","word"
"1231","carey1985"
"1232","hatanoetal1993"
"1233","meuniercordier2004"
"1234","richardssiegler1984"
"1235","waxman2005"
"1236","conceptualise"
"1237","mediation"
"1238","england"
"1239","farmery2002"
"1240","howedavies2005"
"1241","risks"
"1242","happen"
"1243","schulz2012"
"1244","exert"
"1245","bjorklundgardiner2011p154"
"1246","johnston2005"
"1247","buoyancy"
"1248","item"
"1249","explorers"
"1250","expect"
"1251","keen"
"1252","deboo2006"
"1253","harlen2000"
"1254","observers"
"1255","much"
"1256","watch"
"1257","copying"
"1258","everyday"
"1259","rogoff2003"
"1260","go"
"1261","seeingit"
"1262","noticing"
"1263","sounds"
"1264","container"
"1265","touch"
"1266","sound"
"1267","quietest"
"1268","loudest"
"1269","highlighted"
"1270","eyfs"
"1271","viewis"
"1272","enquiring"
"1273","minds"
"1274","whilst"
"1275","kallery2004"
"1276","caveat"
"1277","bruner"
"1278","conceptualised"
"1279","memorise"
"1280","bruner1966p72"
"1281","questionableharlen2000and"
"1282","blakehowitt2012"
"1283","harlen1999"
"1284","johnston2009"
"1285","howe"
"1286","davies2005"
"1287","black"
"1288","hughes2003"
"1289","lemke2001"
"1290","concur"
"1291","stress"
"1292","contextualised"
"1293","bound"
"1294","socially"
"1295","people"
"1296","required"
"1297","mediate"
"1298","resonates"
"1299","vygotskian"
"1300","sociocultural"
"1301","moreable"
"1302","vygotsky19781986"
"1303","claim"
"1304","carefully"
"1305","practitioner"
"1306","evenapparently"
"1307","intentional"
"1308","howeverthey"
"1309","vary"
"1310","andor"
"1311","childinitiated"
"1312","intervening"
"1313","initiate"
"1314","deliberate"
"1315","p159"
"1316","balance"
"1317","intervene"
"1318","nuanced"
"1319","behalf"
"1320","pedagogic"
"1321","covers"
"1322","train"
"1323","address"
"1324","strength"
"1325","premise"
"1326","staff"
"1327","assist"
"1328","primarily"
"1329","datausing"
"1330","computational"
"1331","less"
"1332","fulp2002"
"1333","trygstadetal2013"
"1334","interface"
"1335","immersion"
"1336","strategically"
"1337","c"
"1338","entwining"
"1339","toplevel"
"1340","subgoals"
"1341","delight"
"1342","illstructured"
"1343","albeit"
"1344","top"
"1345","assess"
"1346","mayr1997"
"1347","unexplained"
"1348","irregularity"
"1349","anomaly"
"1350","puzzle"
"1351","conjecture"
"1352","thereof"
"1353","driveretal"
"1354","strong"
"1355","naïve"
"1356","realism"
"1357","secondary"
"1358","manifest"
"1359","subsequent"
"1360","away"
"1361","phenomenology"
"1362","variable"
"1363","driveretals"
"1364","finer"
"1365","grain"
"1366","vestiges"
"1367","observable"
"1368","takenforgranted"
"1369","p115"
"1370","onetoone"
"1371","factor"
"1372","minority"
"1373","16yearolds"
"1374","exhibited"
"1375","provisional"
"1376","status"
"1377","directly"
"1378","coherent"
"1379","posited"
"1380","imagination"
"1381","lehrerschauble2000"
"1382","syntactic"
"1383","analogical"
"1384","hypotheticaldeductive"
"1385","adequacy"
"1386","instrument"
"1387","policy"
"1388","situate"
"1389","trend"
"1390","recent"
"1391","osborne2014"
"1392","osborne"
"1393","commitment"
"1394","reforms"
"1395","aligned"
"1396","adopting"
"1397","core"
"1398","exemplified"
"1399","ngss"
"1400","nrc2012"
"1401","examination"
"1402","7"
"1403","evidenceexplanation"
"1404","ee"
"1405","continuum"
"1406","ascertain"
"1407","duschl"
"1408","outeach"
"1409","se"
"1410","transitions"
"1411","count"
"1412","second"
"1413","potential"
"1414","disconfirm"
"1415","day"
"1416","fiction"
"1417","nonfiction"
"1418","wrap"
"1419","chart"
"1420","sociocognitive"
"1421","resembling"
"1422","reconstruct"
"1423","gottduggan1995"
"1424","etkinavanheuvelen2007"
"1425","blumniss1991"
"1426","erickson1999"
"1427","lubienski1999"
"1428","constantinou1999"
"1429","english2003"
"1430","leshlehrer2003"
"1431","loucazacharia2012"
"1432","generic"
"1433","cpd"
"1434","impose"
"1435","earlyetal2005"
"1436","laparoetal2004"
"1437","zechetal2000"
"1438","originated"
"1439","enough"
"1440","slp"
"1441","panel"
"1442","experts"
"1443","grandy2008these"
"1444","validation"
"1445","norm"
"1446","scholars"
"1447","regulation"
"1448","posit"
"1449","unique"
"1450","chinnsamarapungavan2008"
"1451","suppes19601962"
"1452","woodward1989"
"1453","vocabulary"
"1454","laws"
"1455","ongoing"
"1456","utility"
"1457","history"
"1458","philosophy"
"1459","cartwright19831999"
"1460","giere1988kuhn1962"
"1461","laudan1990"
"1462","publications"
"1463","spaces"
"1464","conventions"
"1465","criterion"
"1466","samarapungavanetal20082009"
"1467","preinquiry"
"1468","post"
"1469","presentations"
"1470","limitations"
"1471","empowering"
"1472","zhangetal2011"
"1473","indicators"
"1474","reveal"
"1475","parents"
"1476","participated"
"1477","eshach2011p442"
"1478","administered"
"1479","invention"
"1480","intervention"
"1481","scores"
"1482","respect"
"1483","wondering"
"1484","provoked"
"1485","human"
"1486","beings"
"1487","desire"
"1488","harlanrivkin2008p4"
"1489","barell2008"
"1490","born"
"1491","foster"
"1492","keep"
"1493","wonder"
"1494","journal"
"1495","problematic"
"1496","scenarios"
"1497","garnering"
"1498","parental"
"1499","rankin2011"
"1500","sustained"
"1501","bentleyetal2007"
"1502","martinetal2009"
"1503","aware"
"1504","nowadays"
"1505","endeavor"
"1506","nation"
"1507","obvious"
"1508","endeavors"
"1509","1981"
"1510","commission"
"1511","quality"
"1512","almost"
"1513","released"
"1514","named"
"1515","imperative"
"1516","reform"
"1517","courses"
"1518","citizens"
"1519","anationatrisk1983"
"1520","2000s"
"1521","effort"
"1522","turkey"
"1523","parallel"
"1524","bulut2007"
"1525","bahar2006"
"1526","clues"
"1527","extent"
"1528","turkish"
"1529","dialectical"
"1530","interactants"
"1531","dialoaic"
"1532","ash2004"
"1533","gallas1995"
"1534","lemke1990"
"1535","depict"
"1536","engestrommiettinen1999p9"
"1537","pertain"
"1538","pouring"
"1539","volume"
"1540","feeds"
"1541","goal–orient"
"1542","standardized"
"1543","ore"
"1544","stablished"
"1545","contrary"
"1546","precede"
"1547","origin"
"1548","canonical"
"1549","schliebenlange1987"
"1550","institutional"
"1551","rooted"
"1552","configuring"
"1553","pekarekdoehlerziegler2007p85"
"1554","consequently"
"1555","informal"
"1556","unfolding"
"1557","energy"
"1558","lijnse1990"
"1559","trumper1990"
"1560","vanhooketal2005"
"1561","vanhookhuziakclark2007b"
"1562","air"
"1563","magnetism"
"1564","succinct"
"1565","phrase"
"1566","hooks"
"1567","capture"
"1568","multisensory"
"1569","ripe"
"1570","aid"
"1571","abstract"
"1572","kinesthetic"
"1573","song"
"1574","remember"
"1575","intensely"
"1576","brief"
"1577","lift"
"1578","squeeze"
"1579","stretch"
"1580","twist"
"1581","devolve"
"1582","lecture"
"1583","flourish"
"1584","helmkatz2011"
"1585","ideally"
"1586","due"
"1587","constraints"
"1588","mini"
"1589","rain"
"1590","weather"
"1591","extracted"
"1592","afterwards"
"1593","returned"
"1594","indepth"
"1595","twoweek"
"1596","span"
"1597","performed"
"1598","referenced"
"1599","showcase"
"1600","culminating"
"1601","experiencepeters2006"
"1602","rop2002"
"1603","–"
"1604","receptive"
"1605","outpouring"
"1606","ambivalent"
"1607","contradictory"
"1608","feelings"
"1609","honour"
"1610","struggle"
"1611","weighed"
"1612","seemingly"
"1613","incompatible"
"1614","maximize"
"1615","cover"
"1616","compassionate"
"1617","annoying"
"1618","going"
"1619","impediment"
"1620","overbearing"
"1621","patience"
"1622","arrive"
"1623","receiving"
"1624","common"
"1625","wisdom"
"1626","rapid"
"1627","succession"
"1628","exhorting"
"1629","power"
"1630","attitudes"
"1631","discouraged"
"1632","nursery"
"1633","micropolitics"
"1634","pedrosadejesusetal2012"
"1635","occasion"
"1636","brezillon20032005"
"1637","intellectual"
"1638","caudron2000p55"
"1639","positive"
"1640","usual"
"1641","prime"
"1642","arepositive"
"1643","numerous"
"1644","dismissed"
"1645","welcomed"
"1646","answerable"
"1647","wattspedrosadejesus2006"
"1648","mode"
"1649","resolution"
"1650","investigable"
"1651","chinkayalvizhi2002"
"1652","graessermcmahen1993"
"1653","ingredient"
"1654","questionasking"
"1655","transgressive"
"1656","third"
"1657","tack"
"1658","vastly"
"1659","entailed"
"1660","arnold2009"
"1661","full"
"1662","remaining"
"1663","spring"
"1664","odd"
"1665","passing"
"1666","occurrence"
"1667","television"
"1668","advert"
"1669","pets"
"1670","habits"
"1671","sporting"
"1672","obsessions"
"1673","hobbies"
"1674","disequilibrium"
"1675","wattspedrosadejesus2010"
"1676","clash"
"1677","overlay"
"1678","wattsalsop1995in"
"1679","precurser"
"1680","acceleration"
"1681","dissonance"
"1682","mccormacketal2014"
"1683","chinkayalvizhi2005"
"1684","thorntonbruton2015"
"1685","earlyyears"
"1686","reggioemilio"
"1687","opinions"
"1688","stands"
"1689","paved"
"1690","playground"
"1691","heavy"
"1692","spate"
"1693","seriously"
"1694","unafraid"
"1695","2015p17"
"1696","intervenes"
"1697","predetermined"
"1698","expertise"
"1699","p86"
"1700","useful"
"1701","furnished"
"1702","kennedy2009"
"1703","nctm2000"
"1704","positively"
"1705","future"
"1706","conflict"
"1707","nrc2000"
"1708","richards1991"
"1709","yackeletal1990"
"1710","participative"
"1711","comprehend"
"1712","heard"
"1713","short"
"1714","autonomy"
"1715","firsthand"
"1716","offers"
"1717","abundant"
"1718","higherlevel"
"1719","enthusiastic"
"1720","thinker"
"1721","accepting"
"1722","rationale"
"1723","nrc1996nrc2012"
"1724","bybee1997"
"1725","orgillthomas2007"
"1726","liferelated"
"1727","changwu2015"
"1728","error"
"1729","attempts"
"1730","osterman1998p4"
"1731","past"
"1732","requiring"
"1733","precept"
"1734","constructivity"
"1735","manipulatives"
"1736","dieness1973"
"1737","36"
"1738","merged"
"1739","symbolization"
"1740","fourstage"
"1741","exercising"
"1742","brain"
"1743","executing"
"1744","causes"
