"","x"
"1","inquiry "
"2","science "
"3","learning "
"4","children "
"5","scientific "
"6","break "
"7","students "
"8","knowledge "
"9","questions "
"10","process "
"11","can "
"12","experiences "
"13","inquirybased "
"14","childrens "
"15","skills "
"16","teachers "
"17","data "
"18","new "
"19","ideas "
"20","early "
"21","activities "
"22","model "
"23","world "
"24","understanding "
"25","young "
"26","evidence "
"27","processes "
"28","thinking "
"29","education "
"30","practices "
"31","concepts "
"32","also "
"33","exploration "
"34","experience "
"35","used "
"36","teaching "
"37","observations "
"38","using "
"39","use "
"40","models "
"41","question "
"42","within "
"43","support "
"44","cycle "
"45","make "
"46","childhood "
"47","teacher "
"48","conceptual "
"49","study "
"50","develop "
"51","explanations "
"52","approach "
"53","objects "
"54","one "
"55","observation "
"56","guided "
"57","cognitive "
"58","instructional "
"59","understand "
"60","problems "
"61","reasoning "
"62","results "
"63","making "
"64","5e "
"65","development "
"66","based "
"67","curiosity "
"68","may "
"69","time "
"70","play "
"71","activity "
"72","problem "
"73","others "
"74","learners "
"75","asking "
"76","content "
"77","instruction "
"78","important "
"79","explore "
"80","key "
"81","involves "
"82","work "
"83","ways "
"84","different "
"85","practice "
"86","thus "
"87","research "
"88","often "
"89","guidance "
"90","language "
"91","curriculum "
"92","social "
"93","empirical "
"94","dimension "
"95","participation "
"96","developing "
"97","preschoolers "
"98","around "
"99","opportunities "
"100","interaction "
"101","prior "
"102","role "
"103","tools "
"104","specific "
"105","investigation "
"106","learn "
"107","classroom "
"108","however "
"109","exploring "
"110","meaningful "
"111","will "
"112","natural "
"113","engage "
"114","active "
"115","critical "
"116","need "
"117","discussion "
"118","investigations "
"119","concept "
"120","engaging "
"121","well "
"122","material "
"123","contexts "
"124","sense "
"125","predictions "
"126","environment "
"127","engagement "
"128","explanation "
"129","educational "
"130","point "
"131","order "
"132","discourse "
"133","appropriate "
"134","context "
"135","understandings "
"136","things "
"137","provide "
"138","set "
"139","hypotheses "
"140","open "
"141","preschool "
"142","theory "
"143","questioning "
"144","design "
"145","adults "
"146","focus "
"147","student "
"148","basic "
"149","primary "
"150","pedagogy "
"151","take "
"152","information "
"153","share "
"154","include "
"155","aspects "
"156","terms "
"157","create "
"158","trying "
"159","help "
"160","phase "
"161","tasks "
"162","three "
"163","part "
"164","related "
"165","made "
"166","method "
"167","see "
"168","hypothesis "
"169","ask "
"170","action "
"171","many "
"172","ability "
"173","epistemic "
"174","particular "
"175","mathematical "
"176","domain "
"177","levels "
"178","construct "
"179","purpose "
"180","mathematics "
"181","learner "
"182","learned "
"183","conclusions "
"184","theoretical "
"185","problemsolving "
"186","basis "
"187","effective "
"188","theories "
"189","engaged "
"190","handson "
"191","designed "
"192","reflection "
"193","pupils "
"194","structured "
"195","across "
"196","1 "
"197","reflect "
"198","simple "
"199","community "
"200","just "
"201","according "
"202","construction "
"203","form "
"204","phenomena "
"205","report "
"206","shared "
"207","media "
"208","forms "
"209","situation "
"210","analysis "
"211","experiential "
"212","stages "
"213","materials "
"214","know "
"215","rain "
"216","modeling "
"217","general "
"218","setting "
"219","investigate "
"220","every "
"221","phases "
"222","physical "
"223","solving "
"224","life "
"225","2 "
"226","findings "
"227","allows "
"228","focused "
"229","authentic "
"230","methods "
"231","like "
"232","stage "
"233","upon "
"234","interactions "
"235","scientists "
"236","nature "
"237","group "
"238","therefore "
"239","motion "
"240","designing "
"241","including "
"242","project "
"243","digital "
"244","way "
"245","pedagogical "
"246","possible "
"247","includes "
"248","solution "
"249","knowing "
"250","framework "
"251","regard "
"252","finding "
"253","states "
"254","result "
"255","next "
"256","claim "
"257","building "
"258","two "
"259","school "
"260","suggests "
"261","standards "
"262","alternative "
"263","discussing "
"264","features "
"265","evaluating "
"266","kindergarten "
"267","beyond "
"268","structural "
"269","steps "
"270","explain "
"271","place "
"272","dialogue "
"273","initial "
"274","enable "
"275","idea "
"276","given "
"277","childs "
"278","3 "
"279","meaning "
"280","means "
"281","complex "
"282","challenging "
"283","interest "
"284","us "
"285","topic "
"286","evaluation "
"287","task "
"288","gather "
"289","encourage "
"290","expected "
"291","actively "
"292","environments "
"293","class "
"294","observe "
"295","structure "
"296","goal "
"297","shown "
"298","level "
"299","times "
"300","floating "
"301","child "
"302","predicted "
"303","collective "
"304","confirm "
"305","revise "
"306","plastic "
"307","strong "
"308","participants "
"309","framed "
"310","leads "
"311","formats "
"312","recording "
"313","ie "
"314","experiment "
"315","rather "
"316","limited "
"317","example "
"318","transdisciplinary "
"319","dimensions "
"320","makes "
"321","looking "
"322","educators "
"323","might "
"324","vital "
"325","observing "
"326","stated "
"327","discovery "
"328","literacy "
"329","national "
"330","developed "
"331","build "
"332","discover "
"333","essential "
"334","takes "
"335","found "
"336","ripe "
"337","first "
"338","second "
"339","suggested "
"340","bybeeetal2006 "
"341","studied "
"342","elements "
"343","logical "
"344","similarities "
"345","years "
"346","emerges "
"347","system "
"348","interpret "
"349","lead "
"350","real "
"351","explaining "
"352","become "
"353","united "
"354","investigative "
"355","scaffolding "
"356","resources "
"357","settings "
"358","consists "
"359","obtain "
"360","central "
"361","interpretation "
"362","want "
"363","path "
"364","better "
"365","allow "
"366","collecting "
"367","situations "
"368","multiple "
"369","able "
"370","investigating "
"371","starting "
"372","simply "
"373","even "
"374","think "
"375","water "
"376","discuss "
"377","encouraged "
"378","providing "
"379","goals "
"380","preservice "
"381","best "
"382","communication "
"383","lesson "
"384","known "
"385","savery2006 "
"386","skill "
"387","solutions "
"388","develops "
"389","age "
"390","samarapungavanetal2008 "
"391","talk "
"392","definition "
"393","taught "
"394","analyzing "
"395","lpp "
"396","inquiries "
"397","step "
"398","now "
"399","phase1 "
"400","b "
"401","five "
"402","classrooms "
"403","procedures "
"404","lind1999 "
"405","act "
"406","function "
"407","physics "
"408","creative "
"409","explorations "
"410","gain "
"411","everyday "
"412","mobile "
"413","always "
"414","later "
"415","begins "
"416","assisting "
"417","led "
"418","forward "
"419","peers "
"420","four "
"421","account "
"422","incorporate "
"423","comparison "
"424","direct "
"425","linear "
"426","guide "
"427","sinking "
"428","hypothesizing "
"429","plan "
"430","productive "
"431","conduct "
"432","reflects "
"433","observed "
"434","still "
"435","indeterminate "
"436","predicting "
"437","– "
"438","carry "
"439","biological "
"440","collaborative "
"441","must "
"442","targeted "
"443","enhance "
"444","kind "
"445","testing "
"446","considered "
"447","unit "
"448","supported "
"449","studies "
"450","version "
"451","solve "
"452","fit "
"453","reminds "
"454","reach "
"455","previous "
"456","examined "
"457","frequently "
"458","openended "
"459","emphasis "
"460","matter "
"461","hand "
"462","discussions "
"463","restructuring "
"464","seen "
"465","constructed "
"466","gerdeetal2013 "
"467","generating "
"468","start "
"469","instead "
"470","draw "
"471","places "
"472","plants "
"473","points "
"474","taking "
"475","formulate "
"476","body "
"477","inanetal2010 "
"478","interact "
"479","proficiency "
"480","computer "
"481","authors "
"482","generated "
"483","exploratory "
"484","similarly "
"485","typically "
"486","needs "
"487","challenge "
"488","either "
"489","area "
"490","representation "
"491","furtaketal2012 "
"492","principles "
"493","answer "
"494","outdoor "
"495","begin "
"496","suggest "
"497","participatory "
"498","reflecting "
"499","single "
"500","small "
"501","something "
"502","relevant "
"503","toward "
"504","artifacts "
"505","identify "
"506","uses "
"507","entities "
"508","sequence "
"509","done "
"510","reflective "
"511","carefully "
"512","record "
"513","recommended "
"514","working "
"515","children’s "
"516","connections "
"517","enterprise "
"518","field "
"519","fact "
"520","thought "
"521","free "
"522","notion "
"523","conditions "
"524","intuitive "
"525","existing "
"526","strategies "
"527","throughout "
"528","emergent "
"529","requires "
"530","come "
"531","evaluate "
"532","patterns "
"533","lives "
"534","procedure "
"535","collect "
"536","yet "
"537","elementary "
"538","enriched "
"539","furthermore "
"540","position "
"541","answers "
"542","connected "
"543","tenets "
"544","discovering "
"545","andor "
"546","written "
"547","conversations "
"548","previously "
"549","types "
"550","addition "
"551","opinions "
"552","receptive "
"553","bring "
"554","helmkatz2011 "
"555","raise "
"556","similar "
"557","hmelosilveretal2007 "
"558","slp "
"559","individuals "
"560","manner "
"561","unfamiliar "
"562","incorporates "
"563","involved "
"564","modified "
"565","value "
"566","structuring "
"567","french2004 "
"568","phenomenon "
"569","collaboratively "
"570","statement "
"571","formulating "
"572","enquiry "
"573","main "
"574","moreover "
"575","arise "
"576","web "
"577","prediction "
"578","chinkayalvizhi2002 "
"579","platform "
"580","type "
"581","importance "
"582","norms "
"583","communicating "
"584","produce "
"585","eer "
"586","argumentation "
"587","lessons "
"588","high "
"589","articulating "
"590","introducing "
"591","interpretations "
"592","constructivist "
"593","test "
"594","associated "
"595","inferences "
"596","term "
"597","look "
"598","issues "
"599","reveal "
"600","light "
"601","dewey "
"602","problembased "
"603","hooks "
"604","correspondence "
"605","human "
"606","numbers "
"607","component "
"608","adaptable "
"609","placed "
"610","commonly "
"611","manipulation "
"612","refining "
"613","analyze "
"614","deal "
"615","communicate "
"616","necessary "
"617","personal "
"618","period "
"619","broader "
"620","aspect "
"621","risk "
"622","follow "
"623","motivation "
"624","capable "
"625","creating "
"626","intended "
"627","scenarios "
"628","generate "
"629","drawing "
"630","programme "
"631","degree "
"632","planned "
"633","animals "
"634","day "
"635","words "
"636","conceptions "
"637","express "
"638","big "
"639","expression "
"640","relations "
"641","alongside "
"642","present "
"643","refers "
"644","acknowledges "
"645","curricular "
"646","greenfieldetal2009 "
"647","categories "
"648","pedagogies "
"649","entry "
"650","extending "
"651","generation "
"652","significant "
"653","metz2004 "
"654","sufficient "
"655","argument "
"656","course "
"657","discursive "
"658","represent "
"659","view "
"660","concrete "
"661","becomes "
"662","successfully "
"663","expectations "
"664","opportunity "
"665","experiments "
"666","current "
"667","constructing "
"668","alone "
"669","specifically "
"670","literate "
"671","researchers "
"672","influence "
"673","recognize "
"674","vocabulary "
"675","employed "
"676","p141 "
"677","engineering "
"678","relationship "
"679","prescribed "
"680","progressively "
"681","aim "
"682","paper "
"683","capabilities "
"684","chance "
"685","happens "
"686","naïve "
"687","measurement "
"688","whole "
"689","4 "
"690","provides "
"691","inherent "
"692","case "
"693","refer "
"694","get "
"695","good "
"696","following "
"697","predict "
"698","figure "
"699","extend "
"700","threestep "
"701","posed "
"702","kinds "
"703","adult "
"704","identifying "
"705","behavior "
"706","whereby "
"707","classification "
"708","secondary "
"709","signature "
"710","program "
"711","controlled "
"712","comes "
"713","relationships "
"714","provided "
"715","reality "
"716","defined "
"717","powerful "
"718","traditional "
"719","allowing "
"720","daily "
"721","collected "
"722","organize "
"723","alive "
"724","events "
"725","elaboration "
"726","go "
"727","nses "
"728","directed "
"729","gives "
"730","sociocultural "
"731","opfersiegler2004 "
"732","fundamental "
"733","expressing "
"734","describe "
"735","individual "
"736","serving "
"737","move "
"738","properties "
"739","units "
"740","say "
"741","paths "
"742","defining "
"743","followed "
"744","anderson2002 "
"745","realism "
"746","especially "
"747","involve "
"748","promote "
"749","presented "
"750","consider "
"751","centre "
"752","among "
"753","enough "
"754","compare "
"755","nrc1996 "
"756","though "
"757","measurements "
"758","recent "
"759","descriptive "
"760","arising "
"761","stimulate "
"762","categorization "
"763","shows "
"764","inference "
"765","answering "
"766","inaccurate "
"767","listen "
"768","product "
"769","fostering "
"770","relate "
"771","wood "
"772","aims "
"773","introduce "
"774","fsl "
"775","principle "
"776","robust "
"777","fouryearold "
"778","quality "
"779","deeply "
"780","agreement "
"781","argued "
"782","linking "
"783","experimental "
"784","p115 "
"785","ongoing "
"786","kids "
"787","initiate "
"788","regarded "
"789","asks "
"790","response "
"791","kirschneretal2006 "
"792","applying "
"793","range "
"794","justify "
"795","implemented "
"796","thoughts "
"797","builds "
"798","broad "
"799","family "
"800","assumption "
"801","studentcentred "
"802","occurs "
"803","display "
"804","disciplines "
"805","intervene "
"806","anchors "
"807","improve "
"808","potential "
"809","oriented "
"810","regarding "
"811","supporting "
"812","find "
"813","investigators "
"814","aware "
"815","interesting "
"816","typical "
"817","less "
"818","hisher "
"819","turn "
"820","provocateurs "
"821","grades "
"822","capture "
"823","stir "
"824","explained "
"825","fielding2012 "
"826","greater "
"827","studentdirected "
"828","collection "
"829","introduces "
"830","resembling "
"831","without "
"832","nonliving "
"833","diverse "
"834","force "
"835","exa "
"836","expand "
"837","six "
"838","keep "
"839","plays "
"840","unknown "
"841","techniques "
"842","overarching "
"843","evaluated "
"844","bridge "
"845","participating "
"846","whose "
"847","senses "
"848","technology "
"849","spontaneously "
"850","caution "
"851","subgoals "
"852","ultimate "
"853","computers "
"854","back "
"855","genuine "
"856","occasion "
"857","online "
"858","holliday2006 "
"859","living "
"860","object "
"861","implies "
"862","concerning "
"863","faced "
"864","hackling2005 "
"865","production "
"866","conducting "
"867","increasing "
"868","accurate "
"869","modelling "
"870","little "
"871","gun "
"872","hence "
"873","howe "
"874","stepbystep "
"875","plans "
"876","tend "
"877","neither "
"878","drive "
"879","space "
"880","concern "
"881","simulation "
"882","functions "
"883","dialectical "
"884","losing "
"885","initiating "
"886","piagets "
"887","whether "
"888","mental "
"889","classroombased "
"890","proceeds "
"891","gordon2009 "
"892","planning "
"893","iterative "
"894","pretend "
"895","iii "
"896","categorizing "
"897","openfocused "
"898","claims "
"899","established "
"900","consist "
"901","closely "
"902","contribute "
"903","interests "
"904","sustain "
"905","elaborated "
"906","posing "
"907","mistakes "
"908","interview "
"909","assigned "
"910","carrying "
"911","functioning "
"912","presenting "
"913","dynamic "
"914","proposed "
"915","systematic "
"916","crawford2007 "
"917","selected "
"918","various "
"919","gained "
"920","weather "
"921","hogan2000 "
"922","stimulated "
"923","causal "
"924","weeks "
"925","outcomes "
"926","much "
"927","johnston2005 "
"928","comprises "
"929","conclusion "
"930","becoming "
"931","static "
"932","impact "
"933","older "
"934","manage "
"935","participate "
"936","goaloriented "
"937","standardized "
"938","familiar "
"939","detail "
"940","illustrates "
"941","assumptions "
"942","schools "
"943","focusing "
"944","problematic "
"945","actually "
"946","reading "
"947","misconceptions "
"948","derived "
"949","latter "
"950","longer "
"951","constituted "
"952","fascination "
"953","deweys "
"954","applications "
"955","citizens "
"956","characteristics "
"957","partnerships "
"958","12 "
"959","orientation "
"960","mediation "
"961","counts "
"962","shaped "
"963","parents "
"964","aimed "
"965","differences "
"966","duschl "
"967","johndewey "
"968","delivered "
"969","seem "
"970","guiding "
"971","category "
"972","line "
"973","elaborate "
"974","contemporary "
"975","proficient "
"976","scaffolds "
"977","freedom "
"978","coconstructing "
"979","hardyetal2006 "
"980","epstein2007 "
"981","association "
"982","draws "
"983","studentcentered "
"984","created "
"985","systematically "
"986","arouse "
"987","gelmanbrenneman2012 "
"988","transformed "
"989","reinforcing "
"990","ontarioministryofeducation2013 "
"991","multisensory "
"992","actual "
"993","oral "
"994","emphasized "
"995","landscape "
"996","seek "
"997","giving "
"998","actions "
"999","advance "
"1000","enact "
"1001","mediate "
"1002","curious "
"1003","puzzle "
"1004","embedded "
"1005","ii "
"1006","sciences "
"1007","wide "
"1008","repeatedly "
"1009","subsequent "
"1010","pointed "
"1011","structures "
"1012","complexity "
"1013","philosophy "
"1014","confirmation "
"1015","acquiring "
"1016","establishing "
"1017","let "
"1018","focuses "
"1019","duschl2008 "
"1020","addressing "
"1021","nation "
"1022","applied "
"1023","implicit "
"1024","groups "
"1025","feature "
"1026","employ "
"1027","ensure "
"1028","although "
"1029","producing "
"1030","martinetal2009 "
"1031","patient "
"1032","advocates "
"1033","subject "
"1034","weight "
"1035","practical "
"1036","representational "
"1037","shaping "
"1038","supports "
"1039","particularly "
"1040","classes "
"1041","strengthen "
"1042","nrc2012 "
"1043","internal "
"1044","speak "
"1045","added "
"1046","discussed "
"1047","sparks "
"1048","heart "
"1049","harlen2014 "
"1050","said "
"1051","characterized "
"1052","deep "
"1053","encouraging "
"1054","statements "
"1055","suitable "
"1056","examining "
"1057","transformation "
"1058","longterm "
"1059","enables "
"1060","viewed "
"1061","norm "
"1062","reviewing "
"1063","effort "
"1064","sciencerelated "
"1065","end "
"1066","ages "
"1067","intentionally "
"1068","correctly "
"1069","conflict "
"1070","merely "
"1071","appleton2008 "
"1072","facts "
"1073","whilst "
"1074","emphasizes "
"1075","original "
"1076","unified "
"1077","section "
"1078","relationbased "
"1079","last "
"1080","representing "
"1081","ermeling2010 "
"1082","integration "
"1083","embodied "
"1084","depth "
"1085","describes "
"1086","emerging "
"1087","achieving "
"1088","ingredients "
"1089","explicitly "
"1090","davies2005 "
"1091","size "
"1092","roles "
"1093","sound "
"1094","core "
"1095","reported "
"1096","progression "
"1097","commission "
"1098","surrounds "
"1099","circle "
"1100","require "
"1101","informed "
"1102","respect "
"1103","ibse "
"1104","introduced "
"1105","rich "
"1106","effectively "
"1107","hackling2007 "
"1108","centrality "
"1109","wrap "
"1110","continually "
"1111","interpreting "
"1112","queries "
"1113","argues "
"1114","premise "
"1115","appears "
"1116","conjectures "
"1117","approaches "
"1118","expressed "
"1119","description "
"1120","already "
"1121","float "
"1122","encourages "
"1123","started "
"1124","facilitating "
"1125","unsupported "
"1126","easily "
"1127","prerequisite "
"1128","intent "
"1129","strongly "
"1130","appropriately "
"1131","effectiveness "
"1132","crosscutting "
"1133","scientist "
"1134","locations "
"1135","emotional "
"1136","knowledgepossessing "
"1137","moving "
"1138","expansion "
"1139","extended "
"1140","seems "
"1141","distinction "
"1142","phrases "
"1143","operates "
"1144","guides "
"1145","acquired "
"1146","shape "
"1147","accordingly "
"1148","fully "
"1149","lamainalapates "
"1150","included "
"1151","patience "
"1152","instrument "
"1153","interacting "
"1154","hoganmaglienti2001 "
"1155","energy "
"1156","apply "
"1157","constructivism "
"1158","analyse "
"1159","presents "
"1160","perspective "
"1161","modes "
"1162","policy "
"1163","scientifically "
"1164","interested "
"1165","great "
"1166","detect "
"1167","c "
"1168","nuanced "
"1169","sink "
"1170","firsthand "
"1171","bug "
"1172","shares "
"1173","viewing "
"1174","immobile "
"1175","software "
"1176","organizing "
"1177","grounded "
"1178","awareness "
"1179","refined "
"1180","despite "
"1181","recommends "
"1182","qualitative "
"1183","dramatic "
"1184","communicative "
"1185","called "
"1186","changes "
"1187","flexibility "
"1188","highlights "
"1189","integrated "
"1190","acquire "
"1191","inspired "
"1192","overwhelmingly "
"1193","consistent "
"1194","responsive "
"1195","topics "
"1196","informationseeking "
"1197","net "
"1198","aid "
"1199","stone "
"1200","agree "
"1201","mccormacketal2014 "
"1202","connect "
"1203","laboratory "
"1204","growth "
"1205","describing "
"1206","renner "
"1207","molleretal2012 "
"1208","entailed "
"1209","quietest "
"1210","yearold "
"1211","understood "
"1212","coalesce "
"1213","evidence2using "
"1214","regulation "
"1215","summarizing "
"1216","confirmed "
"1217","mutual "
"1218","deem "
"1219","enrolled "
"1220","tips "
"1221","constructs "
"1222","lesser "
"1223","treagustduit2008 "
"1224","cooperation "
"1225","guidelines "
"1226","unafraid "
"1227","required "
"1228","provoked "
"1229","projectbased "
"1230","hackings "
"1231","paved "
"1232","dam "
"1233","enabling "
"1234","beings "
"1235","differ "
"1236","programming "
"1237","promotes "
"1238","osterman1998p4 "
"1239","remaining "
"1240","choice "
"1241","putting "
"1242","gelmanetal2010 "
"1243","quantitative "
"1244","leverage "
"1245","scaffold "
"1246","networks "
"1247","nurture "
"1248","england "
"1249","afford "
"1250","creation "
"1251","kariotoglou2004 "
"1252","manageable "
"1253","akersonvolrich2006 "
"1254","extends "
"1255","advanced "
"1256","vestiges "
"1257","provocateur "
"1258","wisdom "
"1259","howedavies2005 "
"1260","2000s "
"1261","canonical "
"1262","irregularity "
"1263","higher "
"1264","low "
"1265","conversational "
"1266","inferring "
"1267","symbolization "
"1268","linneylon2006 "
"1269","accommodation "
"1270","atkinskarplus1962 "
"1271","articulate "
"1272","anticipate "
"1273","summarizes "
"1274","constraints "
"1275","cartwright19831999 "
"1276","constructive "
"1277","anomaly "
"1278","followtheirownprocedures "
"1279","unstructured "
"1280","adaptively "
"1281","frameworks "
"1282","courses "
"1283","simulations "
"1284","conceptually "
"1285","childcentered "
"1286","instances "
"1287","edwardsetal2011 "
"1288","panel "
"1289","larger "
"1290","difference "
"1291","shininess "
"1292","itemized "
"1293","moves "
"1294","craft "
"1295","albeit "
"1296","laws "
"1297","repeated "
"1298","mini "
"1299","oldsschwartzwillie1980p40 "
"1300","knowledgethese "
"1301","engine "
"1302","p86 "
"1303","resolution "
"1304","driveretalp141 "
"1305","continuum "
"1306","shelter "
"1307","carey1985 "
"1308","mayerwittrock2006 "
"1309","seeingit "
"1310","watching "
"1311","chart "
"1312","conventions "
"1313","alowquality "
"1314","nonfiction "
"1315","reinforcement "
"1316","specification "
"1317","inconjunction "
"1318","serves "
"1319","descriptions "
"1320","worldwe "
"1321","socially "
"1322","breakconfirmation "
"1323","samematerial "
"1324","feet "
"1325","refine "
"1326","upcoming "
"1327","simulated "
"1328","formally "
"1329","adopting "
"1330","partially "
"1331","bwhy "
"1332","inform "
"1333","teacheropen "
"1334","p114 "
"1335","explicit "
"1336","stories "
"1337","reason "
"1338","french2004gerdeetal2013menmuiradams1997 "
"1339","climbing "
"1340","contentcentered "
"1341","sequencing "
"1342","fulp2002 "
"1343","periods "
"1344","schliebenlange1987 "
"1345","prospective "
"1346","score2013 "
"1347","harlanrivkin2008p4 "
"1348","acted "
"1349","inadequate "
"1350","imported "
"1351","micropolitics "
"1352","perceive "
"1353","posited "
"1354","barell2008 "
"1355","attain "
"1356","habits "
"1357","evaluateand "
"1358","touch "
"1359","habitats "
"1360","nowdesignand "
"1361","concluding "
"1362","elaborating "
"1363","hughes2003 "
"1364","comprehend "
"1365","recognised "
"1366","propos "
"1367","psillosetal2004 "
"1368","omitting "
"1369","impulses "
"1370","manipulating "
"1371","ambivalent "
"1372","technological "
"1373","peck "
"1374","ideas2015p17 "
"1375","sustained "
"1376","underlie "
"1377","turkish "
"1378","step1 "
"1379","assist "
"1380","relevance "
"1381","unproductive "
"1382","educative "
"1383","predetermined "
"1384","incompatible "
"1385","source "
"1386","characteristic "
"1387","exhibited "
"1388","frames "
"1389","bruner "
"1390","leave "
"1391","ahead "
"1392","windschitl2003 "
"1393","onetoone "
"1394","enhancements "
"1395","exhorting "
"1396","caamano2012 "
"1397","imagination "
"1398","mapping "
"1399","twoweek "
"1400","accompanying "
"1401","preinquiry "
"1402","atthe "
"1403","collaborating "
"1404","flight "
"1405","removed "
"1406","pose "
"1407","se "
"1408","bang "
"1409","demonstrate "
"1410","arepositive "
"1411","interactants "
"1412","cyclical "
"1413","generates "
"1414","stargriesmer1989 "
"1415","elses "
"1416","arguably "
"1417","gopnik2012 "
"1418","sciencequite "
"1419","detecting "
"1420","assimilated "
"1421","grouped "
"1422","nrc20072012 "
"1423","dewey1956pp47–48 "
"1424","commitment "
"1425","p272 "
"1426","dieness1973 "
"1427","additional "
"1428","domains "
"1429","far "
"1430","contrast "
"1431","clues "
"1432","black "
"1433","posit "
"1434","attribute "
"1435","behaviors "
"1436","explored "
"1437","squeeze "
"1438","indeterminacies "
"1439","verbal "
"1440","encounter "
"1441","ata "
"1442","located "
"1443","inflexible "
"1444","annoying "
"1445","instantly "
"1446","noticing "
"1447","bottomup "
"1448","summary "
"1449","believed "
"1450","trips "
"1451","administered "
"1452","inanimate "
"1453","grain "
"1454","turkey "
"1455","empowering "
"1456","plant "
"1457","takenforgranted "
"1458","teachable "
"1459","inventory "
"1460","continue "
"1461","numeracy "
"1462","examines "
"1463","childrenssciencerelated "
"1464","pertain "
"1465","driving "
"1466","specifying "
"1467","bodzinbeerer2003 "
"1468","round "
"1469","datausing "
"1470","dewey1910hmelosilver2006authentic "
"1471","sections "
"1472","cookbook "
"1473","variableshowever "
"1474","parallel "
"1475","effect "
"1476","performed "
"1477","easier "
"1478","movements "
"1479","anationatrisk1983 "
"1480","marek2008 "
"1481","modify "
"1482","thickets "
"1483","caudron2000p55 "
"1484","century "
"1485","languageliteracymathand "
"1486","inclusion "
"1487","trueprocedural "
"1488","critically "
"1489","universal "
"1490","determine "
"1491","beforehand "
"1492","artistic "
"1493","adjective "
"1494","sole "
"1495","wellarticulated "
"1496","isolation "
"1497","liferelated "
"1498","cover "
"1499","propose "
"1500","grounds "
"1501","discoveries "
"1502","elspethhuxley1959 "
"1503","invention "
"1504","brucedavidson1996 "
"1505","partners "
"1506","onto "
"1507","overlay "
"1508","phrased "
"1509","honour "
"1510","informative "
"1511","parental "
"1512","founders "
"1513","cognitively "
"1514","animal "
"1515","rooted "
"1516","talked "
"1517","success "
"1518","hiemstra2000 "
"1519","iv "
"1520","avoid "
"1521","personally "
"1522","membership "
"1523","conjunction "
"1524","study20 "
"1525","plunge "
"1526","vastly "
"1527","organized "
"1528","generalizing "
"1529","inspiring "
"1530","synthesize "
"1531","coherent "
"1532","vanhooketal2005 "
"1533","promising "
"1534","varieties "
"1535","enhancing "
"1536","vygotsky19781986 "
"1537","inquirer "
"1538","6–8 "
"1539","belletal2005 "
"1540","reviewed "
"1541","reggioemilio "
"1542","minds "
"1543","arisen "
"1544","trumper1990 "
"1545","seemed "
"1546","consisted "
"1547","preprimarylevel "
"1548","speculating "
"1549","beneficial "
"1550","wien2014 "
"1551","depiction "
"1552","preparation "
"1553","presentations "
"1554","relying "
"1555","loudest "
"1556","conceptualized "
"1557","p20 "
"1558","students’ "
"1559","complete "
"1560","scholars "
"1561","kloosvanorden2005 "
"1562","stimuli "
"1563","etc "
"1564","crawford2009 "
"1565","novak1977 "
"1566","formal "
"1567","select "
"1568","relating "
"1569","selecting "
"1570","capacities "
"1571","reconstructing "
"1572","animation "
"1573","away "
"1574","people "
"1575","referring "
"1576","local "
"1577","roberts2011 "
"1578","endeavor "
"1579","discipline "
"1580","sun "
"1581","give "
"1582","fiveweek "
"1583","merged "
"1584","vanhookhuziakclark2007b "
"1585","enormous "
"1586","furnished "
"1587","transformations "
"1588","visual "
"1589","unique "
"1590","interpreted "
"1591","seemingly "
"1592","bybee2014 "
"1593","agents "
"1594","leading "
"1595","conversation "
"1596","chinkayalvizhi2005 "
"1597","clash "
"1598","nrc1999 "
"1599","aesthetic "
"1600","conception "
"1601","owned "
"1602","hedges2000 "
"1603","leshlehrer2003 "
"1604","lind "
"1605","top "
"1606","categorized "
"1607","prime "
"1608","formation "
"1609","ash2004 "
"1610","judging "
"1611","released "
"1612","interprets "
"1613","nrc2012p42 "
"1614","hacking19921995 "
"1615","cyclic "
"1616","thereby "
"1617","collaborations "
"1618","major "
"1619","moral "
"1620","loucazacharia2012 "
"1621","assessment "
"1622","constitutes "
"1623","contradictory "
"1624","resonates "
"1625","arises "
"1626","orientated "
"1627","explanatory "
"1628","laparoetal2004 "
"1629","verbally "
"1630","inquiring "
"1631","coconstructors "
"1632","lightness "
"1633","schauble2006 "
"1634","procedural "
"1635","ash2004we "
"1636","simplified "
"1637","referenced "
"1638","locally "
"1639","man "
"1640","peterson "
"1641","disequilibrium "
"1642","lift "
"1643","passing "
"1644","thorntonbruton "
"1645","memorise "
"1646","configuring "
"1647","due "
"1648","resource "
"1649","intervenes "
"1650","obvious "
"1651","firing "
"1652","answered "
"1653","continuing "
"1654","assume "
"1655","openendedinvestigation "
"1656","reformbased "
"1657","reconsider "
"1658","sit "
"1659","operate "
"1660","mayr1997 "
"1661","etkinavanheuvelen2007 "
"1662","bybee "
"1663","dialoaic "
"1664","discoursein "
"1665","facilitator "
"1666","brysonsmith2008 "
"1667","processthe "
"1668","bjorklundgardiner2011p154 "
"1669","criteria "
"1670","expect "
"1671","copying "
"1672","element "
"1673","communities "
"1674","nsta2014 "
"1675","obtaining "
"1676","environmentwhere "
"1677","culminating "
"1678","viewpoint "
"1679","attempts "
"1680","executing "
"1681","timeframe "
"1682","creativity "
"1683","obsessions "
"1684","gottduggan1995 "
"1685","laudan1990 "
"1686","discouraged "
"1687","butterfly "
"1688","colour "
"1689","moment "
"1690","undertakes "
"1691","nrc2000 "
"1692","characterization "
"1693","intoand "
"1694","needed "
"1695","participant "
"1696","viewis "
"1697","offering "
"1698","usual "
"1699","danish2009 "
"1700","council "
"1701","commercially "
"1702","explicated "
"1703","aids "
"1704","capability "
"1705","goal–orientated "
"1706","pets "
"1707","colburn2003 "
"1708","kefietal2013 "
"1709","connects "
"1710","sourcesthroughouttheearlyyearswattsalsop1995in "
"1711","format "
"1712","bredekampcople1997 "
"1713","wondering "
"1714","jumpstarting "
"1715","difficulty "
"1716","photo "
"1717","imperative "
"1718","wonder "
"1719","numerous "
"1720","beliefs "
"1721","successful "
"1722","someone "
"1723","claimed "
"1724","logically "
"1725","runs "
"1726","mean "
"1727","constantinou1999 "
"1728","participative "
"1729","abundant "
"1730","johnston2009 "
"1731","manifest "
"1732","rationale "
"1733","spaces "
"1734","future "
"1735","portfolios "
"1736","und "
"1737","wisersmith2008 "
"1738","brain "
"1739","knew "
"1740","learnercentered "
"1741","exert "
"1742","backscheideretal1993 "
"1743","hacking1992 "
"1744","going "
"1745","distinguished "
"1746","seeks "
"1747","interrogate "
"1748","indicated "
"1749","bulut2007 "
"1750","stressed "
"1751","status "
"1752","vii "
"1753","gets "
"1754","fading "
"1755","word "
"1756","analogical "
"1757","university "
"1758","manifested "
"1759","cpd "
"1760","tracking "
"1761","chinnsamarapungavan2008 "
"1762","sessions "
"1763","collectdataand "
"1764","explorers "
"1765","participated "
"1766","goes "
"1767","powerfully "
"1768","fromfeeds "
"1769","mode "
"1770","sequences "
"1771","struggle "
"1772","accompanied "
"1773","employing "
"1774","competencies "
"1775","volume "
"1776","p903 "
"1777","criterion "
"1778","hedges2000p18 "
"1779","osborne2014 "
"1780","advert "
"1781","entwining "
"1782","increasingly "
"1783","gestalttype "
"1784","spring "
"1785","conceptualize "
"1786","integrating "
"1787","toplevel "
"1788","v "
"1789","works "
"1790","displaying "
"1791","provisional "
"1792","paradigms "
"1793","experimentation "
"1794","phenomenology "
"1795","gamelike "
"1796","survive "
"1797","declares "
"1798","bscs "
"1799","instructionally "
"1800","happen "
"1801","intellectual "
"1802","estimation "
"1803","combining "
"1804","intervening "
"1805","driveretals "
"1806","expertise "
"1807","vary "
"1808","schiefelepekrun1996 "
"1809","shifts "
"1810","brucebishop2002 "
"1811","interface "
"1812","left "
"1813","osborneetal2004 "
"1814","p389 "
"1815","measured "
"1816","bjorklund2011 "
"1817","menmuiradams1997processes "
"1818","reflections "
"1819","conceptualise "
"1820","sought "
"1821","try "
"1822","playground "
"1823","examine "
"1824","majors "
"1825","initially "
"1826","positively "
"1827","eyfs "
"1828","technologies "
"1829","tentative "
"1830","ends "
"1831","deeper "
"1832","moreable "
"1833","syntactic "
"1834","challenges "
"1835","atkinkarplus1962 "
"1836","documents "
"1837","informal "
"1838","skits "
"1839","enquiring "
"1840","mind "
"1841","imply "
"1842","rogoff1990 "
"1843","indepth "
"1844","blumniss1991 "
"1845","reformulating "
"1846","verbalization "
"1847","put "
"1848","deciding "
"1849","concerned "
"1850","van "
"1851","choosing "
"1852","continuously "
"1853","instance "
"1854","engestrommiettinen1999p9through "
"1855","dealing "
"1856","creates "
"1857","originally "
"1858","causes "
"1859","factsexplanatory "
"1860","spanning "
"1861","organization "
"1862","observes "
"1863","acknowledged "
"1864","pouring "
"1865","earlyyears "
"1866","zechetal2000 "
"1867","lemke2001 "
"1868","sch¨on1987 "
"1869","outcome "
"1870","sporting "
"1871","history "
"1872","embraces "
"1873","carried "
"1874","representations "
"1875","spiraling "
"1876","intostudents "
"1877","specified "
"1878","novices "
"1879","members "
"1880","necessarily "
"1881","factor "
"1882","directing "
"1883","kindergartners "
"1884","institutional "
"1885","rankin2011 "
"1886","dewey1991p108 "
"1887","schulz2012 "
"1888","summarized "
"1889","greifetal2006 "
"1890","tied "
"1891","midwest "
"1892","recommendations "
"1893","listens "
"1894","practitioner "
"1895","multiperspectives "
"1896","heard "
"1897","rarely "
"1898","caravitahallden1994 "
"1899","grandy2008these "
"1900","rate "
"1901","demands "
"1902","publications "
"1903","identified "
"1904","breunig2017 "
"1905","text "
"1906","choices "
"1907","photography "
"1908","manipulatives "
"1909","realize "
"1910","informationgathering "
"1911","cycles "
"1912","debate "
"1913","attributed "
"1914","howeverour "
"1915","childinitiated "
"1916","writing "
"1917","accompanies "
"1918","sarmantetal2011 "
"1919","equipment "
"1920","relates "
"1921","subjects "
"1922","query "
"1923","samarapungavanetal20082009 "
"1924","stress "
"1925","phase2 "
"1926","living–nonliving "
"1927","preferable "
"1928","changwu2015 "
"1929","questionableharlen2000and "
"1930","gallas1995 "
"1931","era "
"1932","namygentner2002 "
"1933","trundlesackes2012 "
"1934","olds "
"1935","communicators "
"1936","orgillthomas2007 "
"1937","lambert2007 "
"1938","adequacy "
"1939","krajciketal2003 "
"1940","carey2000 "
"1941","marked "
"1942","drawn "
"1943","prepared "
"1944","roseberyetal2005 "
"1945","considers "
"1946","seven "
"1947","depicts "
"1948","map "
"1949","assigning "
"1950","reallife "
"1951","minneretal2009 "
"1952","checking "
"1953","physically "
"1954","3e "
"1955","evidencebased "
"1956","desired "
"1957","blakehowitt2012 "
"1958","finer "
"1959","influenced "
"1960","extent "
"1961","stablished "
"1962","playbased "
"1963","preinstructional "
"1964","fail "
"1965","tracked "
"1966","sciencespecific "
"1967","bransfordetal2000 "
"1968","bybee2006 "
"1969","maximize "
"1970","front "
"1971","gradual "
"1972","dissonance "
"1973","tells "
"1974","outeach "
"1975","bound "
"1976","editorial "
"1977","criadogarcíacarmona2011 "
"1978","provideguidedinquirythepupils "
"1979","exemplified "
"1980","stretch "
"1981","books "
"1982","pieces "
"1983","soundness "
"1984","breunig2008 "
"1985","additionally "
"1986","engage–explore–reflect "
"1987","acreage "
"1988","leefradd1998 "
"1989","showcase "
"1990","pedagogically "
"1991","coneziofrench2002 "
"1992","embeds "
"1993","concluded "
"1994","subjecting "
"1995","kato2006 "
"1996","naturally "
"1997","forth "
"1998","extant "
"1999","origin "
"2000","spiders "
"2001","36 "
"2002","divided "
"2003","intervention "
"2004","named "
"2005","extension "
"2006","precurser "
"2007","quite "
"2008","kuhn2009 "
"2009","arrive "
"2010","highlighted "
"2011","selectively "
"2012","changed "
"2013","sensemakingis "
"2014","ascertain "
"2015","voluntary "
"2016","picks "
"2017","notes "
"2018","depicted "
"2019","implications "
"2020","lose "
"2021","practiced "
"2022","conceptualised "
"2023","outputs "
"2024","consideration "
"2025","capital "
"2026","succession "
"2027","acquisition "
"2028","symbolic "
"2029","boundary "
"2030","x "
"2031","full "
"2032","unexplained "
"2033","ranging "
"2034","autonomy "
"2035","programs "
"2036","shift "
"2037","lehrerschauble2000 "
"2038","perspectives "
"2039","tractable "
"2040","2014 "
"2041","sounds "
"2042","note "
"2043","decisions "
"2044","frame "
"2045","overall "
"2046","generic "
"2047","2–3 "
"2048","worldview "
"2049","visible "
"2050","facilitates "
"2051","multifaceted "
"2052","bhands "
"2053","entirely "
"2054","augmentedreality "
"2055","hold "
"2056","ee "
"2057","factual "
"2058","garnering "
"2059","intensely "
"2060","centered "
"2061","balance "
"2062","operation "
"2063","abrahambernie1988 "
"2064","lind2000 "
"2065","thereof "
"2066","foster "
"2067","highly "
"2068","reinforced "
"2069","indicators "
"2070","microworld "
"2071","subsequently "
"2072","experiencepeters2006 "
"2073","yoononchwari2006 "
"2074","keil1992 "
"2075","measure "
"2076","center "
"2077","contextsensitive "
"2078","monarch "
"2079","influential "
"2080","seriously "
"2081","educated "
"2082","session "
"2083","sip "
"2084","stating "
"2085","demonstration "
"2086","translates "
"2087","questionasking "
"2088","vygotsky1978 "
"2089","commonplace "
"2090","generatingd "
"2091","situating "
"2092","buoyancy "
"2093","short "
"2094","fledgling "
"2095","year "
"2096","eickreed2002 "
"2097","verify "
"2098","normative "
"2099","beginning "
"2100","facilitate "
"2101","vygotskian "
"2102","solid "
"2103","born "
"2104","harlen1996 "
"2105","power "
"2106","summarize "
"2107","articulated "
"2108","akersonetal2000 "
"2109","staff "
"2110","disconfirm "
"2111","howejones1998 "
"2112","inagakihatano2002 "
"2113","constructivity "
"2114","revising "
"2115","nursery "
"2116","fsls "
"2117","step2 "
"2118","positive "
"2119","examination "
"2120","recreate "
"2121","food "
"2122","delight "
"2123","since "
"2124","relation "
"2125","coconstruct "
"2126","earlyetal2005 "
"2127","almost "
"2128","integrity "
"2129","existence "
"2130","targeting "
"2131","extracted "
"2132","recast "
"2133","bentleyetal2007 "
"2134","bybee2011 "
"2135","trends "
"2136","continued "
"2137","lubienski1999 "
"2138","wattspedrosadejesus2006 "
"2139","saw "
"2140","domainspecific "
"2141","risks "
"2142","osborne "
"2143","inexpensive "
"2144","allowed "
"2145","songs "
"2146","newfound "
"2147","namely "
"2148","thorntonbruton2015 "
"2149","carries "
"2150","sensitive "
"2151","earlier "
"2152","originated "
"2153","appropriateness "
"2154","guisasolaetal2006 "
"2155","ore "
"2156","pintrich "
"2157","realworld "
"2158","facilitated "
"2159","activityto "
"2160","gaining "
"2161","trend "
"2162","everything "
"2163","received "
"2164","seeking "
"2165","promotion "
"2166","contrarythese "
"2167","greatly "
"2168","transgressive "
"2169","selfregulation "
"2170","determinate "
"2171","connection "
"2172","endeavors "
"2173","achieve2013 "
"2174","garon "
"2175","noted "
"2176","desire "
"2177","common "
"2178","unlike "
"2179","minority "
"2180","garritz2012 "
"2181","tselfes "
"2182","notions "
"2183","analytic "
"2184","fashion "
"2185","playing "
"2186","lijnse1990 "
"2187","story "
"2188","lacking "
"2189","scores "
"2190","iap2010p19 "
"2191","bianchinicolburn2000 "
"2192","sensemaking "
"2193","viii "
"2194","taken "
"2195","analytical "
"2196","third "
"2197","milleretal2013 "
"2198","step3 "
"2199","academic "
"2200","viability "
"2201","decisionmaking "
"2202","transitions "
"2203","resultand "
"2204","practicesthey "
"2205","debates "
"2206","heavy "
"2207","accepting "
"2208","hobbies "
"2209","consequently "
"2210","mathematically "
"2211","creep "
"2212","inquisitiveness "
"2213","hatch2010 "
"2214","harlenqualter2004 "
"2215","behalf "
"2216","epistemological "
"2217","midwestern "
"2218","caveat "
"2219","brief "
"2220","lens "
"2221","attitudes "
"2222","evidenceexplanation "
"2223","gelmanbrenneman2004 "
"2224","arnold2009 "
"2225","sources "
"2226","judgments "
"2227","suppes19601962 "
"2228","difficult "
"2229","succinct "
"2230","16yearolds "
"2231","vision "
"2232","invite "
"2233","lamainalapates2000 "
"2234","independent "
"2235","overlap "
"2236","outofclassroom "
"2237","opaque "
"2238","responsibility "
"2239","outside "
"2240","covers "
"2241","developmental "
"2242","generalization "
"2243","components "
"2244","spark "
"2245","tack "
"2246","evenapparently "
"2247","michaelsetal2008 "
"2248","bybee1997 "
"2249","exercising "
"2250","precept "
"2251","experimenting "
"2252","dismissed "
"2253","hypotheticaldeductive "
"2254","address "
"2255","book "
"2256","experts "
"2257","salient "
"2258","bhow "
"2259","rapid "
"2260","occurrence "
"2261","completing "
"2262","erickson1999 "
"2263","discourseininteraction "
"2264","moments "
"2265","kindergarteners "
"2266","ledermanetal2014 "
"2267","sociocognitive "
"2268","reform "
"2269","arrangements "
"2270","journals "
"2271","complexities "
"2272","directly "
"2273","standard "
"2274","answerable "
"2275","modelsas "
"2276","researcher "
"2277","increases "
"2278","welcomed "
"2279","actuality "
"2280","impose "
"2281","1981 "
"2282","richardssiegler1984 "
"2283","interacademy "
"2284","p159 "
"2285","peters2006 "
"2286","kallery2004 "
"2287","harlen1999 "
"2288","novel "
"2289","partnership "
"2290","strategically "
"2291","remember "
"2292","deductive "
"2293","stimulating "
"2294","images "
"2295","artifact "
"2296","variety "
"2297","spate "
"2298","sensing "
"2299","pekarekdoehlerziegler2007p85 "
"2300","along "
"2301","writings "
"2302","modifying "
"2303","attention "
"2304","… "
"2305","mutually "
"2306","assert "
"2307","crucial "
"2308","usage "
"2309","observers "
"2310","postinquiry "
"2311","french2004p147 "
"2312","unlikely "
"2313","reference "
"2314","feelings "
"2315","groupconcerning "
"2316","breunig2013 "
"2317","teacher’s "
"2318","collaboration "
"2319","addons "
"2320","graessermcmahen1993 "
"2321","conflicts "
"2322","slow "
"2323","large "
"2324","training "
"2325","items "
"2326","bahar2006 "
"2327","depends "
"2328","pedagogic "
"2329","selfmotivated "
"2330","higherlevel "
"2331","described "
"2332","nowadays "
"2333","identification "
"2334","translated "
"2335","application "
"2336","woodward1989 "
"2337","facilitators "
"2338","step4 "
"2339","reached "
"2340","meanings "
"2341","twist "
"2342","detection "
"2343","hodson2014 "
"2344","kennedy2009 "
"2345","sequential "
"2346","error "
"2347","arguments "
"2348","computational "
"2349","abstract "
"2350","aligned "
"2351","invitation "
"2352","mathematic "
"2353","deboo2000 "
"2354","convert "
"2355","curricula "
"2356","precedeand "
"2357","cepnietal2006 "
"2358","lemke1990 "
"2359","opfergelman2001 "
"2360","guest "
"2361","waxman2005 "
"2362","eshachfried2005 "
"2363","otherwise "
"2364","mixing "
"2365","starts "
"2366","unable "
"2367","sharply "
"2368","distinctions "
"2369","generally "
"2370","bredekampcopple1997 "
"2371","concur "
"2372","meuniercordier2004 "
"2373","boxteletal2000 "
"2374","air "
"2375","organizationstructured "
"2376","scaffolded "
"2377","contextualized "
"2378","uninvested "
"2379","p209 "
"2380","relies "
"2381","labs "
"2382","virtual "
"2383","affect "
"2384","conceptualizing "
"2385","wattspedrosadejesus2010 "
"2386","requiring "
"2387","eshachfried2005p327 "
"2388","grow "
"2389","nses1996 "
"2390","reasons "
"2391","rearranging "
"2392","keen "
"2393","useful "
"2394","disciplinary "
"2395","harlen2000 "
"2396","magnetism "
"2397","4year "
"2398","trundleetal2010 "
"2399","richards1991 "
"2400","attainment "
"2401","overbearing "
"2402","containers "
"2403","efforts "
"2404","fire "
"2405","sharedcritiqued "
"2406","dificult "
"2407","indeed "
"2408","past "
"2409","realistic "
"2410","universityschool "
"2411","judgments1selecting "
"2412","colella2000 "
"2413","classified "
"2414","compatible "
"2415","respected "
"2416","lepperetal1997 "
"2417","immersion "
"2418","addressed "
"2419","executive "
"2420","challenged "
"2421","ditch "
"2422","khishfeabdelkhalick2002 "
"2423","incites "
"2424","kinesthetic "
"2425","birth "
"2426","coordination "
"2427","flourish "
"2428","rules "
"2429","farmery2002 "
"2430","mentioned "
"2431","odd "
"2432","site "
"2433","drawings "
"2434","became "
"2435","emphasizing "
"2436","observable "
"2437","thinker "
"2438","solely "
"2439","deboo2006 "
"2440","commented "
"2441","marxboyle1993 "
"2442","chasing "
"2443","saltiel2006 "
"2444","appearance "
"2445","eshach2011p442 "
"2446","combine "
"2447","opposed "
"2448","returned "
"2449","involving "
"2450","utility "
"2451","smaller "
"2452","combination "
"2453","consistently "
"2454","learningthinking "
"2455","brezillon20032005 "
"2456","contextualizes "
"2457","afterwards "
"2458","cultural–historical "
"2459","ordinary "
"2460","projects "
"2461","detailed "
"2462","duittreagust2003 "
"2463","bruner1966p72 "
"2464","fourstage "
"2465","researching "
"2466","cup "
"2467","minimally "
"2468","teachersupported "
"2469","envisioned "
"2470","english2003 "
"2471","rop2002 "
"2472","nsta2004a "
"2473","foci "
"2474","independence "
"2475","fruitful "
"2476","situated "
"2477","coconstruction "
"2478","versus "
"2479","french "
"2480","illstructured "
"2481","showed "
"2482","fiction "
"2483","acceleration "
"2484","collaborators "
"2485","interrelated "
"2486","deliberate "
"2487","rogoff2003 "
"2488","forusscience "
"2489","intentional "
"2490","giere1988kuhn1962 "
"2491","evidenceidentifying "
"2492","nsta "
"2493","forensic "
"2494","sequentially "
"2495","correct "
"2496","zhangetal2011 "
"2497","spiral "
"2498","compassionate "
"2499","suggestive "
"2500","span "
"2501","engages "
"2502","patternsand "
"2503","usually "
"2504","newmanetal2004 "
"2505","ngssleadstates2013 "
"2506","distinguish "
"2507","american "
"2508","excitement "
"2509","pictures "
"2510","french2008 "
"2511","integrates "
"2512","nrc1996nrc2012 "
"2513","degrees "
"2514","p2 "
"2515","theories… "
"2516","fleer1993 "
"2517","grammatical "
"2518","embedding "
"2519","multiday "
"2520","society "
"2521","add "
"2522","researchbased "
"2523","nonverbally "
"2524","certain "
"2525","mastery "
"2526","reforms "
"2527","pathway "
"2528","gathering "
"2529","broken "
"2530","pts "
"2531","meaningfully "
"2532","specificallyinvolves "
"2533","depending "
"2534","lehrer "
"2535","recognizing "
"2536","council1996 "
"2537","rigid "
"2538","limitations "
"2539","p21 "
"2540","7 "
"2541","matching "
"2542","repetition "
"2543","requirement "
"2544","weighed "
"2545","validation "
"2546","proposing "
"2547","psillos "
"2548","targets "
"2549","sets "
"2550","outpouring "
"2551","orient "
"2552","frog "
"2553","ngss2013 "
"2554","claimsselecting "
"2555","wasserman2015 "
"2556","modelbased "
"2557","stands "
"2558","logs "
"2559","reconstruct "
"2560","master "
"2561","argue "
"2562","enumerates "
"2563","pedrosadejesusetal2012 "
"2564","trygstadetal2013 "
"2565","arts "
"2566","aesthetically "
"2567","investigable "
"2568","higherorder "
"2569","formulation "
"2570","communitybuilding "
"2571","devolve "
"2572","impediment "
"2573","change "
"2574","mentally "
"2575","augmented "
"2576","phase3 "
"2577","raising "
"2578","tv "
"2579","responds "
"2580","phenomenonbased "
"2581","recognition "
"2582","examples "
"2583","vi "
"2584","tool "
"2585","conjecture "
"2586","integrate "
"2587","venture "
"2588","selfreliant "
"2589","constituent "
"2590","comprised "
"2591","available "
"2592","internships "
"2593","intentions "
"2594","emphasize "
"2595","surrounding "
"2596","unfolding "
"2597","lecture "
"2598","enthusiastic "
"2599","listening "
"2600","rubric "
"2601","nctm2000 "
"2602","persistent "
"2603","grade "
"2604","communityacademic "
"2605","indicates "
"2606","carpet "
"2607","critiqued "
"2608","perceived "
"2609","ideally "
"2610","classify "
"2611","yackeletal1990 "
"2612","crevice "
"2613","attends "
"2614","show "
"2615","excited "
"2616","oversimplified "
"2617","poor "
"2618","epistemologically "
"2619","combined "
"2620","offers "
"2621","hatanoetal1993 "
"2622","howeverthey "
"2623","grained "
"2624","contextualised "
"2625","introduction "
"2626","keeping "
"2627","pattern "
"2628","strength "
"2629","recorded "
"2630","dewey1910 "
"2631","ngss "
"2632","primarily "
