Id,Label,module names
n0,2;develop;concept;point,Concept development
n1,3;explore;child;focus,Young child explores
n2,4;primary;education;context,Experiential education 
n3,5;observation;interpret;question,Ask question and make observations
n4,6;problem;solve;include,Problem solving
n5,7;experience;authentic;phenomenon,Authentic experiences  
n6,8;world;around;material,World around and materials
n7,9;adult;kindergartener;like,Lesson plan
n8,10;reflect;na√Øve;strong,Reflect and discuss
n9,11;involve;investigate;open,Open ended investigation
n10,12;student;place;take,Allow student
n11,13;knowledge;form;discourse,Previous and new knowledge
n12,14;model;use;evidence,Instructing model and evidence
n13,15;tool;design;intent,Transdisciplinary
n14,16;skill;process;communicate,Process skill
n15,17;state;position;united,Student centre 
n16,18;goal;community;classroom,Share critique in classroom community
n17,19;function;operation;influence,Mental function influences 
n18,20;phrase;bybee2014;linear,Bybee phrase is not linear 
